month_id,month_start,month_end,year,month,month_number,m_open,m_high,m_low,m_close_price,m_range,m_range_bucket,m_close,weekly_bullish_count,weekly_bearish_count,trading_days,uup_volume_sum,uup_volume_avg,prev_month_close,prev_month_range,prev_month_range_bucket
1986-01,1986-01-01,1986-01-31,1986,January,1,123.71,125.21,121.03,121.52,4180,3600-4799,bearish,1,4,23,0,0,,,
1986-02,1986-02-03,1986-02-28,1986,February,2,121.78,123.26,113.45,115.08,9810,>=4800,bearish,1,3,20,0,0,bearish,4180,3600-4799
1986-03,1986-03-03,1986-03-31,1986,March,3,114.94,118.71,113.66,117.92,5050,>=4800,bullish,2,2,21,0,0,bearish,9810,>=4800
1986-04,1986-04-01,1986-04-30,1986,April,4,117.78,121.16,110.76,111.77,10400,>=4800,bearish,1,3,22,0,0,bullish,5050,>=4800
1986-05,1986-05-01,1986-05-30,1986,May,5,112.28,117.65,110.35,117.51,7300,>=4800,bullish,4,1,22,0,0,bearish,10400,>=4800
1986-06,1986-06-02,1986-06-30,1986,June,6,117.83,118.03,111.34,111.61,6690,>=4800,bearish,1,3,21,0,0,bullish,7300,>=4800
1986-07,1986-07-01,1986-07-31,1986,July,7,111.26,112.09,107.98,108.04,4110,3600-4799,bearish,2,2,23,0,0,bearish,6690,>=4800
1986-08,1986-08-01,1986-08-29,1986,August,8,107.85,108.72,106.31,106.43,2410,2200-2799,bearish,1,4,21,0,0,bearish,4110,3600-4799
1986-09,1986-09-01,1986-09-30,1986,September,9,106.76,108.98,104.92,106.74,4060,3600-4799,bearish,2,2,22,0,0,bearish,2410,2200-2799
1986-10,1986-10-01,1986-10-31,1986,October,10,106.83,109.77,104.99,109.27,4780,3600-4799,bullish,2,3,23,0,0,bearish,4060,3600-4799
1986-11,1986-11-03,1986-11-28,1986,November,11,109.67,109.69,105.91,105.92,3780,3600-4799,bearish,1,3,20,0,0,bullish,4780,3600-4799
1986-12,1986-12-01,1986-12-31,1986,December,12,105.53,107.94,103.55,103.58,4390,3600-4799,bearish,2,2,23,0,0,bearish,3780,3600-4799
1987-01,1987-01-01,1987-01-30,1987,January,1,104.44,104.48,97.19,99.86,7290,>=4800,bearish,2,3,22,0,0,bearish,4390,3600-4799
1987-02,1987-02-02,1987-02-27,1987,February,2,99.29,101.21,97.87,99.26,3340,2800-3599,bearish,1,3,20,0,0,bearish,7290,>=4800
1987-03,1987-03-02,1987-03-31,1987,March,3,99.17,100.44,96.81,97.11,3630,3600-4799,bearish,1,3,22,0,0,bearish,3340,2800-3599
1987-04,1987-04-01,1987-04-30,1987,April,4,97.73,98.44,95.25,95.94,3190,2800-3599,bearish,2,2,22,0,0,bearish,3630,3600-4799
1987-05,1987-05-01,1987-05-29,1987,May,5,95.83,97.91,94.75,97.77,3160,2800-3599,bullish,4,1,21,0,0,bearish,3190,2800-3599
1987-06,1987-06-01,1987-06-30,1987,June,6,98.3,99.06,96.0,98.13,3060,2800-3599,bearish,2,2,22,0,0,bullish,3160,2800-3599
1987-07,1987-07-01,1987-07-31,1987,July,7,98.03,100.23,97.97,99.79,2260,2200-2799,bullish,4,1,23,0,0,bearish,3060,2800-3599
1987-08,1987-08-03,1987-08-31,1987,August,8,99.77,101.74,96.95,97.32,4790,3600-4799,bearish,1,3,21,0,0,bullish,2260,2200-2799
1987-09,1987-09-01,1987-09-30,1987,September,9,97.04,98.69,95.97,98.57,2720,2200-2799,bullish,2,2,22,0,0,bearish,4790,3600-4799
1987-10,1987-10-01,1987-10-30,1987,October,10,98.63,98.81,93.26,93.65,5550,>=4800,bearish,2,3,22,0,0,bullish,2720,2200-2799
1987-11,1987-11-02,1987-11-30,1987,November,11,93.24,93.36,89.03,89.15,4330,3600-4799,bearish,1,3,21,0,0,bearish,5550,>=4800
1987-12,1987-12-01,1987-12-31,1987,December,12,89.99,90.79,85.33,85.42,5460,>=4800,bearish,2,2,23,0,0,bearish,4330,3600-4799
1988-01,1988-01-01,1988-01-29,1988,January,1,85.67,90.81,85.33,90.34,5480,>=4800,bullish,3,2,21,0,0,bearish,5460,>=4800
1988-02,1988-02-01,1988-02-29,1988,February,2,90.88,92.04,90.3,90.53,1740,1600-2199,bearish,3,1,21,0,0,bullish,5480,>=4800
1988-03,1988-03-01,1988-03-31,1988,March,3,90.55,90.96,88.16,88.3,2800,2800-3599,bearish,2,2,23,0,0,bearish,1740,1600-2199
1988-04,1988-04-01,1988-04-29,1988,April,4,88.33,90.12,87.87,89.16,2250,2200-2799,bullish,3,2,21,0,0,bearish,2800,2800-3599
1988-05,1988-05-02,1988-05-31,1988,May,5,89.3,91.12,88.94,91.09,2180,1600-2199,bullish,4,0,22,0,0,bullish,2250,2200-2799
1988-06,1988-06-01,1988-06-30,1988,June,6,90.86,96.09,90.49,95.41,5600,>=4800,bullish,3,1,22,0,0,bullish,2180,1600-2199
1988-07,1988-07-01,1988-07-29,1988,July,7,95.94,98.6,95.07,97.53,3530,2800-3599,bullish,4,1,21,0,0,bullish,5600,>=4800
1988-08,1988-08-01,1988-08-31,1988,August,8,97.42,99.61,96.86,98.42,2750,2200-2799,bullish,2,2,23,0,0,bullish,3530,2800-3599
1988-09,1988-09-01,1988-09-30,1988,September,9,98.55,98.83,96.83,97.69,2000,1600-2199,bearish,2,3,22,0,0,bullish,2750,2200-2799
1988-10,1988-10-03,1988-10-31,1988,October,10,97.65,97.65,92.82,93.76,4830,>=4800,bearish,0,4,21,0,0,bearish,2000,1600-2199
1988-11,1988-11-01,1988-11-30,1988,November,11,93.69,93.96,90.05,90.53,3910,3600-4799,bearish,1,3,22,0,0,bearish,4830,>=4800
1988-12,1988-12-01,1988-12-30,1988,December,12,90.5,93.66,90.04,92.5,3620,3600-4799,bullish,3,2,22,0,0,bearish,3910,3600-4799
1989-01,1989-01-02,1989-01-31,1989,January,1,92.6,96.84,91.77,96.77,5070,>=4800,bullish,3,1,22,0,0,bullish,3620,3600-4799
1989-02,1989-02-01,1989-02-28,1989,February,2,96.68,97.17,94.39,94.9,2780,2200-2799,bearish,1,3,20,0,0,bullish,5070,>=4800
1989-03,1989-03-01,1989-03-31,1989,March,3,95.64,98.53,95.57,98.14,2960,2800-3599,bullish,4,1,23,0,0,bearish,2780,2200-2799
1989-04,1989-04-03,1989-04-28,1989,April,4,98.01,98.04,96.11,97.71,1930,1600-2199,bearish,1,3,20,0,0,bullish,2960,2800-3599
1989-05,1989-05-01,1989-05-31,1989,May,5,98.06,104.28,97.89,102.98,6390,>=4800,bullish,3,1,23,0,0,bearish,1930,1600-2199
1989-06,1989-06-01,1989-06-30,1989,June,6,103.08,106.56,100.66,102.02,5900,>=4800,bearish,2,3,22,0,0,bullish,6390,>=4800
1989-07,1989-07-03,1989-07-31,1989,July,7,101.21,101.24,97.29,97.39,3950,3600-4799,bearish,1,3,21,0,0,bearish,5900,>=4800
1989-08,1989-08-01,1989-08-31,1989,August,8,97.46,102.46,96.76,102.28,5700,>=4800,bullish,4,0,23,0,0,bearish,3950,3600-4799
1989-09,1989-09-01,1989-09-29,1989,September,9,102.43,104.19,98.06,98.47,6130,>=4800,bearish,2,3,21,0,0,bullish,5700,>=4800
1989-10,1989-10-02,1989-10-31,1989,October,10,98.68,101.31,97.49,98.07,3820,3600-4799,bearish,3,1,22,0,0,bearish,6130,>=4800
1989-11,1989-11-01,1989-11-30,1989,November,11,98.16,99.06,96.13,96.27,2930,2800-3599,bearish,2,2,22,0,0,bearish,3820,3600-4799
1989-12,1989-12-01,1989-12-29,1989,December,12,96.52,96.65,92.6,93.21,4050,3600-4799,bearish,0,5,21,0,0,bearish,2930,2800-3599
1990-01,1990-01-01,1990-01-31,1990,January,1,93.19,94.54,91.89,92.41,2650,2200-2799,bearish,1,3,23,0,0,bearish,4050,3600-4799
1990-02,1990-02-01,1990-02-28,1990,February,2,92.32,93.45,91.26,93.29,2190,1600-2199,bullish,2,2,20,0,0,bearish,2650,2200-2799
1990-03,1990-03-01,1990-03-30,1990,March,3,93.67,94.72,93.23,93.69,1490,<1600,bullish,3,2,22,0,0,bullish,2190,1600-2199
1990-04,1990-04-02,1990-04-30,1990,April,4,94.28,94.32,92.71,93.07,1610,1600-2199,bearish,1,3,21,0,0,bullish,1490,<1600
1990-05,1990-05-01,1990-05-31,1990,May,5,93.23,93.3,90.66,92.98,2640,2200-2799,bearish,2,2,23,0,0,bearish,1610,1600-2199
1990-06,1990-06-01,1990-06-29,1990,June,6,92.86,93.36,91.13,91.15,2230,2200-2799,bearish,1,4,21,0,0,bearish,2640,2200-2799
1990-07,1990-07-02,1990-07-31,1990,July,7,90.75,90.85,87.14,87.17,3710,3600-4799,bearish,0,4,22,0,0,bearish,2230,2200-2799
1990-08,1990-08-01,1990-08-31,1990,August,8,87.4,89.08,84.9,86.56,4180,3600-4799,bearish,2,3,23,0,0,bearish,3710,3600-4799
1990-09,1990-09-03,1990-09-28,1990,September,9,86.23,87.39,84.74,86.0,2650,2200-2799,bearish,2,2,20,0,0,bearish,4180,3600-4799
1990-10,1990-10-01,1990-10-31,1990,October,10,85.16,85.52,81.92,83.28,3600,3600-4799,bearish,1,3,23,0,0,bearish,2650,2200-2799
1990-11,1990-11-01,1990-11-30,1990,November,11,83.51,83.62,81.27,82.93,2350,2200-2799,bearish,3,2,22,0,0,bearish,3600,3600-4799
1990-12,1990-12-03,1990-12-31,1990,December,12,83.52,85.39,81.73,83.07,3660,3600-4799,bearish,2,2,21,0,0,bearish,2350,2200-2799
1991-01,1991-01-01,1991-01-31,1991,January,1,83.37,85.22,81.91,82.0,3310,2800-3599,bearish,0,4,23,0,0,bearish,3660,3600-4799
1991-02,1991-02-01,1991-02-28,1991,February,2,82.18,84.23,80.34,84.08,3890,3600-4799,bullish,2,2,20,0,0,bearish,3310,2800-3599
1991-03,1991-03-01,1991-03-29,1991,March,3,84.71,92.46,84.23,92.02,8230,>=4800,bullish,5,0,21,0,0,bullish,3890,3600-4799
1991-04,1991-04-01,1991-04-30,1991,April,4,91.32,94.46,89.29,91.54,5170,>=4800,bullish,1,3,22,0,0,bullish,8230,>=4800
1991-05,1991-05-01,1991-05-31,1991,May,5,91.17,93.58,90.74,93.13,2840,2800-3599,bullish,2,3,23,0,0,bullish,5170,>=4800
1991-06,1991-06-03,1991-06-28,1991,June,6,93.73,96.75,93.02,96.06,3730,3600-4799,bullish,3,1,20,0,0,bullish,2840,2800-3599
1991-07,1991-07-01,1991-07-31,1991,July,7,96.07,97.32,92.89,93.49,4430,3600-4799,bearish,1,3,23,0,0,bullish,3730,3600-4799
1991-08,1991-08-01,1991-08-30,1991,August,8,93.62,96.56,91.85,93.49,4710,3600-4799,bearish,1,4,22,0,0,bearish,4430,3600-4799
1991-09,1991-09-02,1991-09-30,1991,September,9,93.3,93.77,89.65,89.9,4120,3600-4799,bearish,0,4,21,0,0,bearish,4710,3600-4799
1991-10,1991-10-01,1991-10-31,1991,October,10,90.01,92.03,89.39,89.93,2640,2200-2799,bearish,3,1,23,0,0,bearish,4120,3600-4799
1991-11,1991-11-01,1991-11-29,1991,November,11,89.72,89.76,86.26,88.19,3500,2800-3599,bearish,2,3,21,0,0,bearish,2640,2200-2799
1991-12,1991-12-02,1991-12-31,1991,December,12,87.54,87.87,83.21,83.52,4660,3600-4799,bearish,1,3,22,0,0,bearish,3500,2800-3599
1992-01,1992-01-01,1992-01-31,1992,January,1,83.52,88.68,82.8,87.49,5880,>=4800,bullish,5,0,23,0,0,bearish,4660,3600-4799
1992-02,1992-02-03,1992-02-28,1992,February,2,87.14,89.92,85.23,88.99,4690,3600-4799,bullish,2,2,20,0,0,bullish,5880,>=4800
1992-03,1992-03-02,1992-03-31,1992,March,3,89.1,91.53,88.7,89.65,2830,2800-3599,bullish,3,1,22,0,0,bullish,4690,3600-4799
1992-04,1992-04-01,1992-04-30,1992,April,4,89.62,90.78,88.43,89.62,2350,2200-2799,bullish,2,2,22,0,0,bullish,2830,2800-3599
1992-05,1992-05-01,1992-05-29,1992,May,5,89.53,89.6,86.58,87.22,3020,2800-3599,bearish,2,3,21,0,0,bullish,2350,2200-2799
1992-06,1992-06-01,1992-06-30,1992,June,6,87.26,87.81,83.24,83.72,4570,3600-4799,bearish,0,4,22,0,0,bearish,3020,2800-3599
1992-07,1992-07-01,1992-07-31,1992,July,7,83.72,83.97,80.58,81.91,3390,2800-3599,bearish,1,4,23,0,0,bearish,4570,3600-4799
1992-08,1992-08-03,1992-08-31,1992,August,8,81.94,82.57,78.67,78.88,3900,3600-4799,bearish,0,4,21,0,0,bearish,3390,2800-3599
1992-09,1992-09-01,1992-09-30,1992,September,9,78.84,85.96,78.19,81.1,7770,>=4800,bullish,2,2,22,0,0,bearish,3900,3600-4799
1992-10,1992-10-01,1992-10-30,1992,October,10,81.05,87.93,81.05,87.63,6880,>=4800,bullish,3,2,22,0,0,bullish,7770,>=4800
1992-11,1992-11-02,1992-11-30,1992,November,11,87.71,91.55,87.7,90.84,3850,3600-4799,bullish,2,2,21,0,0,bullish,6880,>=4800
1992-12,1992-12-01,1992-12-31,1992,December,12,90.89,92.52,88.64,92.36,3880,3600-4799,bullish,1,3,23,0,0,bullish,3850,3600-4799
1993-01,1993-01-01,1993-01-29,1993,January,1,92.17,93.75,90.09,92.46,3660,3600-4799,bullish,3,2,21,0,0,bullish,3880,3600-4799
1993-02,1993-02-01,1993-02-26,1993,February,2,92.47,94.86,92.42,94.05,2440,2200-2799,bullish,2,2,20,0,0,bullish,3660,3600-4799
1993-03,1993-03-01,1993-03-31,1993,March,3,94.09,94.8,91.79,91.87,3010,2800-3599,bearish,2,2,23,0,0,bullish,2440,2200-2799
1993-04,1993-04-01,1993-04-30,1993,April,4,91.96,92.31,88.37,89.49,3940,3600-4799,bearish,2,3,22,0,0,bearish,3010,2800-3599
1993-05,1993-05-03,1993-05-31,1993,May,5,89.49,91.38,88.53,89.08,2850,2800-3599,bearish,2,2,21,0,0,bearish,3940,3600-4799
1993-06,1993-06-01,1993-06-30,1993,June,6,89.1,94.15,88.85,93.63,5300,>=4800,bullish,3,1,22,0,0,bearish,2850,2800-3599
1993-07,1993-07-01,1993-07-30,1993,July,7,93.7,95.62,92.82,95.37,2800,2800-3599,bullish,2,3,22,0,0,bullish,5300,>=4800
1993-08,1993-08-02,1993-08-31,1993,August,8,95.48,95.8,93.12,93.95,2680,2200-2799,bearish,2,2,22,0,0,bullish,2800,2800-3599
1993-09,1993-09-01,1993-09-30,1993,September,9,93.96,94.15,90.29,92.82,3860,3600-4799,bearish,2,2,22,0,0,bearish,2680,2200-2799
1993-10,1993-10-01,1993-10-29,1993,October,10,92.8,95.34,91.21,95.08,4130,3600-4799,bullish,4,1,21,0,0,bearish,3860,3600-4799
1993-11,1993-11-01,1993-11-30,1993,November,11,95.19,96.37,94.41,96.21,1960,1600-2199,bullish,1,3,22,0,0,bullish,4130,3600-4799
1993-12,1993-12-01,1993-12-31,1993,December,12,96.21,96.85,94.67,96.84,2180,1600-2199,bullish,3,2,23,0,0,bullish,1960,1600-2199
1994-01,1994-01-03,1994-01-31,1994,January,1,96.76,97.09,95.15,95.59,1940,1600-2199,bearish,1,3,21,0,0,bullish,2180,1600-2199
1994-02,1994-02-01,1994-02-28,1994,February,2,95.46,97.1,94.34,94.55,2760,2200-2799,bearish,1,3,20,0,0,bearish,1940,1600-2199
1994-03,1994-03-01,1994-03-31,1994,March,3,94.61,95.42,92.86,93.06,2560,2200-2799,bearish,2,2,23,0,0,bearish,2760,2200-2799
1994-04,1994-04-01,1994-04-29,1994,April,4,93.38,95.33,91.71,92.12,3620,3600-4799,bearish,3,2,21,0,0,bearish,2560,2200-2799
1994-05,1994-05-02,1994-05-31,1994,May,5,92.57,93.75,91.51,92.52,2240,2200-2799,bearish,2,2,22,0,0,bearish,3620,3600-4799
1994-06,1994-06-01,1994-06-30,1994,June,6,92.47,93.58,89.09,89.62,4490,3600-4799,bearish,1,3,22,0,0,bearish,2240,2200-2799
1994-07,1994-07-01,1994-07-29,1994,July,7,89.55,90.56,86.65,89.87,3910,3600-4799,bullish,2,3,21,0,0,bearish,4490,3600-4799
1994-08,1994-08-01,1994-08-31,1994,August,8,89.39,90.31,87.41,89.67,2900,2800-3599,bullish,2,2,23,0,0,bullish,3910,3600-4799
1994-09,1994-09-01,1994-09-30,1994,September,9,89.71,89.72,87.14,87.88,2580,2200-2799,bearish,1,4,22,0,0,bullish,2900,2800-3599
1994-10,1994-10-03,1994-10-31,1994,October,10,87.72,88.37,84.91,85.69,3460,2800-3599,bearish,2,2,21,0,0,bearish,2580,2200-2799
1994-11,1994-11-01,1994-11-30,1994,November,11,85.54,89.27,85.2,89.13,4070,3600-4799,bullish,4,0,22,0,0,bearish,3460,2800-3599
1994-12,1994-12-01,1994-12-30,1994,December,12,89.02,90.18,88.46,88.73,1720,1600-2199,bearish,3,2,22,0,0,bullish,4070,3600-4799
1995-01,1995-01-02,1995-01-31,1995,January,1,88.84,89.63,86.95,87.99,2680,2200-2799,bearish,2,2,22,0,0,bearish,1720,1600-2199
1995-02,1995-02-01,1995-02-28,1995,February,2,87.93,88.49,85.69,85.93,2800,2800-3599,bearish,1,3,20,0,0,bearish,2680,2200-2799
1995-03,1995-03-01,1995-03-31,1995,March,3,85.87,86.1,81.24,81.9,4860,>=4800,bearish,2,3,23,0,0,bearish,2800,2800-3599
1995-04,1995-04-03,1995-04-28,1995,April,4,81.87,83.03,80.05,81.8,2980,2800-3599,bearish,1,3,20,0,0,bearish,4860,>=4800
1995-05,1995-05-01,1995-05-31,1995,May,5,81.87,84.84,80.55,82.57,4290,3600-4799,bullish,2,2,23,0,0,bearish,2980,2800-3599
1995-06,1995-06-01,1995-06-30,1995,June,6,82.71,83.58,81.35,81.58,2230,2200-2799,bearish,2,3,22,0,0,bullish,4290,3600-4799
1995-07,1995-07-03,1995-07-31,1995,July,7,81.55,82.8,81.22,81.57,1580,<1600,bullish,2,2,21,0,0,bearish,2230,2200-2799
1995-08,1995-08-01,1995-08-31,1995,August,8,81.67,86.63,81.03,85.57,5600,>=4800,bullish,3,1,23,0,0,bullish,1580,<1600
1995-09,1995-09-01,1995-09-29,1995,September,9,85.58,87.47,83.5,84.29,3970,3600-4799,bearish,2,3,21,0,0,bullish,5600,>=4800
1995-10,1995-10-02,1995-10-31,1995,October,10,84.31,84.9,82.99,83.66,1910,1600-2199,bearish,2,2,22,0,0,bearish,3970,3600-4799
1995-11,1995-11-01,1995-11-30,1995,November,11,83.67,85.38,83.34,85.26,2040,1600-2199,bullish,2,2,22,0,0,bearish,1910,1600-2199
1995-12,1995-12-01,1995-12-29,1995,December,12,85.17,85.63,84.34,84.76,1290,<1600,bearish,2,3,21,0,0,bullish,2040,1600-2199
1996-01,1996-01-01,1996-01-31,1996,January,1,84.82,87.72,84.48,87.38,3240,2800-3599,bullish,3,1,23,0,0,bearish,1290,<1600
1996-02,1996-02-01,1996-02-29,1996,February,2,87.25,87.56,85.24,86.29,2320,2200-2799,bearish,1,3,21,0,0,bullish,3240,2800-3599
1996-03,1996-03-01,1996-03-29,1996,March,3,86.25,87.12,86.08,86.52,1040,<1600,bullish,4,1,21,0,0,bearish,2320,2200-2799
1996-04,1996-04-01,1996-04-30,1996,April,4,86.58,88.29,86.27,88.02,2020,1600-2199,bullish,2,2,22,0,0,bullish,1040,<1600
1996-05,1996-05-01,1996-05-31,1996,May,5,88.05,89.04,87.37,87.78,1670,1600-2199,bearish,4,1,23,0,0,bullish,2020,1600-2199
1996-06,1996-06-03,1996-06-28,1996,June,6,87.78,88.56,87.35,87.82,1210,<1600,bullish,2,2,20,0,0,bearish,1670,1600-2199
1996-07,1996-07-01,1996-07-31,1996,July,7,87.94,88.32,85.63,85.9,2690,2200-2799,bearish,1,3,23,0,0,bullish,1210,<1600
1996-08,1996-08-01,1996-08-30,1996,August,8,85.91,86.96,85.81,86.36,1150,<1600,bullish,3,2,22,0,0,bearish,2690,2200-2799
1996-09,1996-09-02,1996-09-30,1996,September,9,86.49,88.12,86.32,87.94,1800,1600-2199,bullish,3,1,21,0,0,bullish,1150,<1600
1996-10,1996-10-01,1996-10-31,1996,October,10,87.88,88.53,86.93,87.43,1600,1600-2199,bearish,2,2,23,0,0,bullish,1800,1600-2199
1996-11,1996-11-01,1996-11-29,1996,November,11,87.41,87.96,86.04,87.92,1920,1600-2199,bullish,2,3,21,0,0,bearish,1600,1600-2199
1996-12,1996-12-02,1996-12-31,1996,December,12,87.95,89.14,87.69,88.18,1450,<1600,bullish,3,1,22,0,0,bullish,1920,1600-2199
1997-01,1997-01-01,1997-01-31,1997,January,1,88.85,93.59,88.03,93.04,5560,>=4800,bullish,5,0,23,0,0,bullish,1450,<1600
1997-02,1997-02-03,1997-02-28,1997,February,2,93.04,95.8,92.87,94.89,2930,2800-3599,bullish,2,2,20,0,0,bullish,5560,>=4800
1997-03,1997-03-03,1997-03-31,1997,March,3,94.98,96.32,94.18,94.72,2140,1600-2199,bearish,1,3,21,0,0,bullish,2930,2800-3599
1997-04,1997-04-01,1997-04-30,1997,April,4,94.73,97.47,94.02,97.18,3450,2800-3599,bullish,3,1,22,0,0,bearish,2140,1600-2199
1997-05,1997-05-01,1997-05-30,1997,May,5,97.23,97.35,93.07,94.85,4280,3600-4799,bearish,2,3,22,0,0,bullish,3450,2800-3599
1997-06,1997-06-02,1997-06-30,1997,June,6,95.06,96.22,94.42,95.67,1800,1600-2199,bullish,3,1,21,0,0,bearish,4280,3600-4799
1997-07,1997-07-01,1997-07-31,1997,July,7,95.66,100.0,95.14,99.64,4860,>=4800,bullish,4,0,23,0,0,bullish,1800,1600-2199
1997-08,1997-08-01,1997-08-29,1997,August,8,99.59,101.79,97.96,99.0,3830,3600-4799,bearish,2,3,21,0,0,bullish,4860,>=4800
1997-09,1997-09-01,1997-09-30,1997,September,9,98.22,100.23,96.69,97.11,3540,2800-3599,bearish,1,3,22,0,0,bearish,3830,3600-4799
1997-10,1997-10-01,1997-10-31,1997,October,10,97.19,98.22,94.83,95.64,3390,2800-3599,bearish,2,3,23,0,0,bearish,3540,2800-3599
1997-11,1997-11-03,1997-11-28,1997,November,11,95.57,97.99,94.73,97.79,3260,2800-3599,bullish,3,1,20,0,0,bearish,3390,2800-3599
1997-12,1997-12-01,1997-12-31,1997,December,12,97.69,99.73,97.66,99.65,2070,1600-2199,bullish,1,3,23,0,0,bullish,3260,2800-3599
1998-01,1998-01-01,1998-01-30,1998,January,1,99.24,101.68,97.67,100.79,4010,3600-4799,bullish,3,2,22,0,0,bullish,2070,1600-2199
1998-02,1998-02-02,1998-02-27,1998,February,2,100.78,101.04,98.51,99.82,2530,2200-2799,bearish,2,2,20,0,0,bullish,4010,3600-4799
1998-03,1998-03-02,1998-03-31,1998,March,3,99.72,101.69,99.09,101.5,2600,2200-2799,bullish,2,2,22,0,0,bearish,2530,2200-2799
1998-04,1998-04-01,1998-04-30,1998,April,4,101.53,102.11,98.96,99.71,3150,2800-3599,bearish,1,3,22,0,0,bullish,2600,2200-2799
1998-05,1998-05-01,1998-05-29,1998,May,5,99.74,100.66,98.57,100.45,2090,1600-2199,bullish,2,3,21,0,0,bearish,3150,2800-3599
1998-06,1998-06-01,1998-06-30,1998,June,6,100.34,102.45,99.43,101.17,3020,2800-3599,bullish,2,2,22,0,0,bullish,2090,1600-2199
1998-07,1998-07-01,1998-07-31,1998,July,7,101.02,102.67,100.19,101.2,2480,2200-2799,bullish,4,1,23,0,0,bullish,3020,2800-3599
1998-08,1998-08-03,1998-08-31,1998,August,8,101.12,102.88,99.7,100.2,3180,2800-3599,bearish,2,2,21,0,0,bullish,2480,2200-2799
1998-09,1998-09-01,1998-09-30,1998,September,9,99.72,100.13,95.41,96.17,4720,3600-4799,bearish,1,3,22,0,0,bearish,3180,2800-3599
1998-10,1998-10-01,1998-10-30,1998,October,10,96.12,96.31,90.57,93.73,5740,>=4800,bearish,2,3,22,0,0,bearish,4720,3600-4799
1998-11,1998-11-02,1998-11-30,1998,November,11,93.53,96.94,93.29,96.2,3650,3600-4799,bullish,4,0,21,0,0,bearish,5740,>=4800
1998-12,1998-12-01,1998-12-31,1998,December,12,96.12,96.14,93.19,94.17,2950,2800-3599,bearish,2,2,23,0,0,bullish,3650,3600-4799
1999-01,1999-01-01,1999-01-29,1999,January,1,94.75,96.24,93.05,96.08,3190,2800-3599,bullish,4,1,21,0,0,bearish,2950,2800-3599
1999-02,1999-02-01,1999-02-26,1999,February,2,95.9,99.48,95.38,98.68,4100,3600-4799,bullish,4,0,20,0,0,bullish,3190,2800-3599
1999-03,1999-03-01,1999-03-31,1999,March,3,98.89,100.79,98.16,100.1,2630,2200-2799,bullish,2,2,23,0,0,bullish,4100,3600-4799
1999-04,1999-04-01,1999-04-30,1999,April,4,100.02,101.36,99.43,101.0,1930,1600-2199,bullish,3,2,21,0,0,bullish,2630,2200-2799
1999-05,1999-05-03,1999-05-28,1999,May,5,100.96,102.64,99.35,102.51,3290,2800-3599,bullish,3,1,20,0,0,bullish,1930,1600-2199
1999-06,1999-06-01,1999-06-30,1999,June,6,102.34,103.48,100.87,102.85,2610,2200-2799,bullish,2,2,22,0,0,bullish,3290,2800-3599
1999-07,1999-07-01,1999-07-30,1999,July,7,102.71,104.88,99.62,99.75,5260,>=4800,bearish,2,3,22,0,0,bullish,2610,2200-2799
1999-08,1999-08-02,1999-08-31,1999,August,8,99.97,101.46,98.88,99.95,2580,2200-2799,bearish,2,2,22,0,0,bearish,5260,>=4800
1999-09,1999-09-01,1999-09-30,1999,September,9,100.04,101.27,98.26,98.54,3010,2800-3599,bearish,1,3,22,0,0,bearish,2580,2200-2799
1999-10,1999-10-01,1999-10-29,1999,October,10,98.52,99.92,96.94,99.06,2980,2800-3599,bullish,3,2,21,0,0,bearish,3010,2800-3599
1999-11,1999-11-01,1999-11-30,1999,November,11,98.98,102.34,98.72,101.99,3620,3600-4799,bullish,4,0,22,0,0,bullish,2980,2800-3599
1999-12,1999-12-01,1999-12-31,1999,December,12,101.98,102.76,100.49,101.87,2270,2200-2799,bearish,3,2,23,0,0,bullish,3620,3600-4799
2000-01,2000-01-03,2000-01-31,2000,January,1,101.67,105.28,99.71,105.13,5570,>=4800,bullish,2,2,21,0,0,bearish,2270,2200-2799
2000-02,2000-02-01,2000-02-29,2000,February,2,104.98,106.86,102.92,105.92,3940,3600-4799,bullish,2,2,21,0,0,bullish,5570,>=4800
2000-03,2000-03-01,2000-03-31,2000,March,3,106.22,106.61,104.48,105.44,2130,1600-2199,bearish,2,3,23,0,0,bullish,3940,3600-4799
2000-04,2000-04-03,2000-04-28,2000,April,4,105.61,110.32,104.23,110.14,6090,>=4800,bullish,3,1,19,0,0,bearish,2130,1600-2199
2000-05,2000-05-01,2000-05-31,2000,May,5,109.9,112.86,108.18,108.74,4680,3600-4799,bearish,2,2,22,0,0,bullish,6090,>=4800
2000-06,2000-06-01,2000-06-30,2000,June,6,108.65,109.42,105.56,106.84,3860,3600-4799,bearish,1,4,22,0,0,bearish,4680,3600-4799
2000-07,2000-07-03,2000-07-31,2000,July,7,106.82,109.92,106.7,109.57,3220,2800-3599,bullish,4,0,21,0,0,bearish,3860,3600-4799
2000-08,2000-08-01,2000-08-31,2000,August,8,109.5,112.93,109.35,112.6,3580,2800-3599,bullish,3,1,23,0,0,bullish,3220,2800-3599
2000-09,2000-09-01,2000-09-29,2000,September,9,112.36,116.75,111.25,113.25,5500,>=4800,bullish,3,2,20,0,0,bullish,3580,2800-3599
2000-10,2000-10-02,2000-10-31,2000,October,10,113.14,119.07,112.95,116.65,6120,>=4800,bullish,4,0,22,0,0,bullish,5500,>=4800
2000-11,2000-11-01,2000-11-30,2000,November,11,116.6,118.69,112.75,115.24,5940,>=4800,bearish,3,1,22,0,0,bullish,6120,>=4800
2000-12,2000-12-01,2000-12-29,2000,December,12,115.21,115.44,109.46,109.56,5980,>=4800,bearish,0,5,20,0,0,bearish,5940,>=4800
2001-01,2001-01-02,2001-01-31,2001,January,1,109.33,112.65,108.09,110.52,4560,3600-4799,bullish,3,1,22,0,0,bearish,5980,>=4800
2001-02,2001-02-01,2001-02-28,2001,February,2,110.3,113.62,109.4,112.01,4220,3600-4799,bullish,2,2,20,0,0,bullish,4560,3600-4799
2001-03,2001-03-01,2001-03-30,2001,March,3,112.04,117.63,110.82,117.37,6810,>=4800,bullish,4,1,22,0,0,bullish,4220,3600-4799
2001-04,2001-04-02,2001-04-30,2001,April,4,117.7,117.82,113.86,115.85,3960,3600-4799,bearish,2,2,20,0,0,bullish,6810,>=4800
2001-05,2001-05-01,2001-05-31,2001,May,5,115.71,119.29,114.27,119.07,5020,>=4800,bullish,2,2,22,0,0,bearish,3960,3600-4799
2001-06,2001-06-01,2001-06-29,2001,June,6,119.11,120.33,117.43,119.43,2900,2800-3599,bullish,4,1,21,0,0,bullish,5020,>=4800
2001-07,2001-07-02,2001-07-31,2001,July,7,119.39,121.02,116.34,117.18,4680,3600-4799,bearish,1,3,22,0,0,bullish,2900,2800-3599
2001-08,2001-08-01,2001-08-31,2001,August,8,117.07,117.16,112.32,113.42,4840,>=4800,bearish,2,3,23,0,0,bearish,4680,3600-4799
2001-09,2001-09-03,2001-09-28,2001,September,9,113.48,116.08,111.31,113.48,4770,3600-4799,bullish,4,0,16,0,0,bearish,4840,>=4800
2001-10,2001-10-01,2001-10-31,2001,October,10,113.69,116.27,112.27,114.86,4000,3600-4799,bullish,3,1,23,0,0,bullish,4770,3600-4799
2001-11,2001-11-01,2001-11-30,2001,November,11,114.71,117.43,113.66,116.13,3770,3600-4799,bullish,3,2,22,0,0,bullish,4000,3600-4799
2001-12,2001-12-03,2001-12-31,2001,December,12,115.61,118.26,114.43,116.75,3830,3600-4799,bullish,3,1,20,0,0,bullish,3770,3600-4799
2002-01,2002-01-02,2002-01-31,2002,January,1,116.4,120.51,115.54,120.24,4970,>=4800,bullish,3,1,22,0,0,bullish,3830,3600-4799
2002-02,2002-02-01,2002-02-28,2002,February,2,120.21,120.4,118.09,119.16,2310,2200-2799,bearish,2,2,20,0,0,bullish,4970,>=4800
2002-03,2002-03-01,2002-03-28,2002,March,3,119.29,119.61,116.76,118.62,2850,2800-3599,bearish,3,2,20,0,0,bearish,2310,2200-2799
2002-04,2002-04-01,2002-04-30,2002,April,4,118.56,118.7,114.72,115.19,3980,3600-4799,bearish,0,4,22,0,0,bearish,2850,2800-3599
2002-05,2002-05-01,2002-05-31,2002,May,5,115.18,115.34,110.88,111.81,4460,3600-4799,bearish,1,4,23,0,0,bearish,3980,3600-4799
2002-06,2002-06-03,2002-06-28,2002,June,6,111.93,112.04,105.37,106.11,6670,>=4800,bearish,0,4,20,0,0,bearish,4460,3600-4799
2002-07,2002-07-01,2002-07-31,2002,July,7,105.76,107.88,103.54,107.41,4340,3600-4799,bullish,2,2,23,0,0,bearish,6670,>=4800
2002-08,2002-08-01,2002-08-30,2002,August,8,107.61,109.0,106.18,106.98,2820,2800-3599,bearish,2,3,22,0,0,bullish,4340,3600-4799
2002-09,2002-09-03,2002-09-30,2002,September,9,106.43,109.67,105.41,106.87,4260,3600-4799,bullish,3,1,20,0,0,bearish,2820,2800-3599
2002-10,2002-10-01,2002-10-31,2002,October,10,106.74,108.74,106.54,106.64,2200,2200-2799,bearish,2,2,23,0,0,bullish,4260,3600-4799
2002-11,2002-11-01,2002-11-29,2002,November,11,106.55,106.97,104.12,106.41,2850,2800-3599,bearish,3,2,21,0,0,bearish,2200,2200-2799
2002-12,2002-12-02,2002-12-31,2002,December,12,106.57,107.31,101.82,101.85,5490,>=4800,bearish,0,4,21,0,0,bearish,2850,2800-3599
2003-01,2003-01-02,2003-01-31,2003,January,1,102.36,103.2,98.76,99.91,4440,3600-4799,bearish,2,3,21,0,0,bearish,5490,>=4800
2003-02,2003-02-03,2003-02-28,2003,February,2,100.26,100.89,98.65,99.71,2240,2200-2799,bearish,1,3,19,0,0,bearish,4440,3600-4799
2003-03,2003-03-03,2003-03-31,2003,March,3,99.74,102.15,97.57,99.06,4580,3600-4799,bearish,2,2,21,0,0,bearish,2240,2200-2799
2003-04,2003-04-01,2003-04-30,2003,April,4,98.86,101.81,97.1,97.19,4710,3600-4799,bearish,1,3,21,0,0,bearish,4580,3600-4799
2003-05,2003-05-01,2003-05-30,2003,May,5,97.18,97.25,92.21,93.27,5040,>=4800,bearish,1,4,21,0,0,bearish,4710,3600-4799
2003-06,2003-06-02,2003-06-30,2003,June,6,93.73,95.34,91.88,94.73,3460,2800-3599,bullish,2,2,21,0,0,bearish,5040,>=4800
2003-07,2003-07-01,2003-07-31,2003,July,7,94.54,97.45,93.96,96.89,3490,2800-3599,bullish,2,2,23,0,0,bullish,3460,2800-3599
2003-08,2003-08-01,2003-08-29,2003,August,8,96.87,99.49,95.56,98.1,3930,3600-4799,bullish,3,2,21,0,0,bullish,3490,2800-3599
2003-09,2003-09-01,2003-09-30,2003,September,9,97.88,99.37,92.1,92.85,7270,>=4800,bearish,1,3,22,0,0,bullish,3930,3600-4799
2003-10,2003-10-01,2003-10-31,2003,October,10,92.73,93.42,91.01,92.73,2410,2200-2799,bullish,2,3,23,0,0,bearish,7270,>=4800
2003-11,2003-11-03,2003-11-28,2003,November,11,92.64,94.13,90.04,90.21,4090,3600-4799,bearish,1,3,19,0,0,bullish,2410,2200-2799
2003-12,2003-12-01,2003-12-31,2003,December,12,90.16,90.54,86.36,86.92,4180,3600-4799,bearish,0,4,22,0,0,bearish,4090,3600-4799
2004-01,2004-01-02,2004-01-30,2004,January,1,86.79,88.07,84.8,87.2,3270,2800-3599,bullish,2,3,21,0,0,bearish,4180,3600-4799
2004-02,2004-02-02,2004-02-27,2004,February,2,87.14,88.02,84.56,87.31,3460,2800-3599,bullish,2,2,20,0,0,bullish,3270,2800-3599
2004-03,2004-03-01,2004-03-31,2004,March,3,87.1,89.84,87.03,87.61,2810,2800-3599,bullish,3,1,23,0,0,bullish,3460,2800-3599
2004-04,2004-04-01,2004-04-30,2004,April,4,87.57,91.56,87.02,90.48,4540,3600-4799,bullish,3,2,21,0,0,bullish,2810,2800-3599
2004-05,2004-05-03,2004-05-28,2004,May,5,90.63,92.29,88.47,88.95,3820,3600-4799,bearish,2,2,20,0,0,bullish,4540,3600-4799
2004-06,2004-06-01,2004-06-30,2004,June,6,88.64,90.42,88.04,88.8,2380,2200-2799,bullish,1,3,22,0,0,bearish,3820,3600-4799
2004-07,2004-07-01,2004-07-30,2004,July,7,88.84,90.29,87.0,89.96,3290,2800-3599,bullish,2,3,22,0,0,bullish,2380,2200-2799
2004-08,2004-08-02,2004-08-31,2004,August,8,89.71,90.19,87.66,88.94,2530,2200-2799,bearish,2,2,22,0,0,bullish,3290,2800-3599
2004-09,2004-09-01,2004-09-30,2004,September,9,88.91,89.75,87.35,87.36,2400,2200-2799,bearish,1,3,22,0,0,bearish,2530,2200-2799
2004-10,2004-10-01,2004-10-29,2004,October,10,87.41,88.64,84.73,84.91,3910,3600-4799,bearish,0,5,21,0,0,bearish,2400,2200-2799
2004-11,2004-11-01,2004-11-30,2004,November,11,84.7,85.66,81.53,81.82,4130,3600-4799,bearish,0,4,22,0,0,bearish,3910,3600-4799
2004-12,2004-12-01,2004-12-31,2004,December,12,81.81,83.18,80.39,80.85,2790,2200-2799,bearish,1,4,23,0,0,bearish,4130,3600-4799
2005-01,2005-01-03,2005-01-31,2005,January,1,81.05,84.08,80.77,83.6,3310,2800-3599,bullish,3,1,21,0,0,bearish,2790,2200-2799
2005-02,2005-02-01,2005-02-28,2005,February,2,83.49,85.44,82.3,82.51,3140,2800-3599,bearish,2,2,20,0,0,bullish,3310,2800-3599
2005-03,2005-03-01,2005-03-31,2005,March,3,82.65,84.74,81.28,84.06,3460,2800-3599,bullish,2,2,22,0,0,bearish,3140,2800-3599
2005-04,2005-04-01,2005-04-29,2005,April,4,84.07,85.32,83.36,84.43,1960,1600-2199,bullish,3,2,21,0,0,bullish,3460,2800-3599
2005-05,2005-05-02,2005-05-31,2005,May,5,84.46,87.8,83.75,87.76,4050,3600-4799,bullish,3,1,21,0,0,bullish,1960,1600-2199
2005-06,2005-06-01,2005-06-30,2005,June,6,87.74,89.48,87.15,89.11,2330,2200-2799,bullish,3,1,22,0,0,bullish,4050,3600-4799
2005-07,2005-07-01,2005-07-29,2005,July,7,89.17,90.77,88.28,89.35,2490,2200-2799,bullish,1,4,21,0,0,bullish,2330,2200-2799
2005-08,2005-08-01,2005-08-31,2005,August,8,89.41,89.44,86.76,87.58,2680,2200-2799,bearish,1,3,23,0,0,bullish,2490,2200-2799
2005-09,2005-09-01,2005-09-30,2005,September,9,87.59,89.82,86.02,89.52,3800,3600-4799,bullish,4,1,21,0,0,bearish,2680,2200-2799
2005-10,2005-10-03,2005-10-31,2005,October,10,89.51,90.74,88.53,90.07,2210,2200-2799,bullish,2,2,21,0,0,bullish,3800,3600-4799
2005-11,2005-11-01,2005-11-30,2005,November,11,90.12,92.63,89.62,91.57,3010,2800-3599,bullish,4,0,21,0,0,bullish,2210,2200-2799
2005-12,2005-12-01,2005-12-30,2005,December,12,91.54,92.32,89.52,91.17,2800,2800-3599,bearish,2,3,21,0,0,bullish,3010,2800-3599
2006-01,2006-01-03,2006-01-31,2006,January,1,90.75,90.94,87.83,88.96,3110,2800-3599,bearish,1,3,20,0,0,bearish,2800,2800-3599
2006-02,2006-02-01,2006-02-28,2006,February,2,88.96,91.02,88.84,90.11,2180,1600-2199,bullish,4,0,19,0,0,bearish,3110,2800-3599
2006-03,2006-03-01,2006-03-31,2006,March,3,90.08,91.16,88.85,89.73,2310,2200-2799,bearish,2,3,23,0,0,bullish,2180,1600-2199
2006-04,2006-04-03,2006-04-28,2006,April,4,89.74,90.4,86.0,86.11,4400,3600-4799,bearish,1,3,19,0,0,bearish,2310,2200-2799
2006-05,2006-05-01,2006-05-31,2006,May,5,85.93,86.36,83.6,84.72,2760,2200-2799,bearish,2,2,22,0,0,bearish,4400,3600-4799
2006-06,2006-06-01,2006-06-30,2006,June,6,84.68,87.05,83.72,85.22,3330,2800-3599,bullish,3,2,22,0,0,bearish,2760,2200-2799
2006-07,2006-07-03,2006-07-31,2006,July,7,85.2,87.33,84.77,85.3,2560,2200-2799,bullish,1,3,20,0,0,bullish,3330,2800-3599
2006-08,2006-08-01,2006-08-31,2006,August,8,85.28,85.75,84.39,85.05,1360,<1600,bearish,2,2,23,0,0,bullish,2560,2200-2799
2006-09,2006-09-01,2006-09-29,2006,September,9,85.09,86.22,84.73,85.97,1490,<1600,bullish,3,2,20,0,0,bearish,1360,<1600
2006-10,2006-10-02,2006-10-31,2006,October,10,86.01,87.3,85.21,85.32,2090,1600-2199,bearish,2,2,22,0,0,bullish,1490,<1600
2006-11,2006-11-01,2006-11-30,2006,November,11,85.29,85.93,82.79,82.92,3140,2800-3599,bearish,2,2,22,0,0,bearish,2090,1600-2199
2006-12,2006-12-01,2006-12-29,2006,December,12,82.91,84.22,82.24,83.72,1980,1600-2199,bullish,2,3,20,0,0,bearish,3140,2800-3599
2007-01,2007-01-02,2007-01-31,2007,January,1,83.46,85.43,83.15,84.61,2280,2200-2799,bullish,3,1,21,0,0,bullish,1980,1600-2199
2007-02,2007-02-01,2007-02-28,2007,February,2,84.65,85.21,83.4,83.57,1810,1600-2199,bearish,0,4,19,0,0,bullish,2280,2200-2799
2007-03,2007-03-01,2007-03-30,2007,March,3,83.62,84.38,82.64,82.93,1740,1600-2199,bearish,2,3,22,93900,4268,bearish,1810,1600-2199
2007-04,2007-04-02,2007-04-30,2007,April,4,82.91,83.21,81.27,81.45,1940,1600-2199,bearish,0,4,20,550900,27545,bearish,1740,1600-2199
2007-05,2007-05-01,2007-05-31,2007,May,5,81.43,82.6,81.25,82.3,1350,<1600,bullish,4,0,22,539500,24523,bearish,1940,1600-2199
2007-06,2007-06-01,2007-06-29,2007,June,6,82.31,83.27,81.7,81.92,1570,<1600,bearish,2,3,21,587500,27976,bullish,1350,<1600
2007-07,2007-07-02,2007-07-31,2007,July,7,81.87,81.95,80.02,80.77,1930,1600-2199,bearish,1,3,21,226800,10800,bearish,1570,<1600
2007-08,2007-08-01,2007-08-31,2007,August,8,80.9,82.13,79.96,80.79,2170,1600-2199,bearish,3,2,23,390400,16974,bearish,1930,1600-2199
2007-09,2007-09-04,2007-09-28,2007,September,9,80.81,81.14,77.67,77.72,3470,2800-3599,bearish,0,4,19,470800,24779,bearish,2170,1600-2199
2007-10,2007-10-01,2007-10-31,2007,October,10,77.79,78.89,76.46,76.48,2430,2200-2799,bearish,1,3,23,1570700,68291,bearish,3470,2800-3599
2007-11,2007-11-01,2007-11-30,2007,November,11,76.61,76.87,74.48,76.15,2390,2200-2799,bearish,2,3,21,2944900,140233,bearish,2430,2200-2799
2007-12,2007-12-03,2007-12-31,2007,December,12,75.93,77.85,75.6,76.7,2250,2200-2799,bullish,3,1,20,4638300,231915,bearish,2390,2200-2799
2008-01,2008-01-02,2008-01-31,2008,January,1,76.35,77.35,74.97,75.18,2380,2200-2799,bearish,1,3,21,4454400,212114,bullish,2250,2200-2799
2008-02,2008-02-01,2008-02-29,2008,February,2,75.23,77.04,73.56,73.71,3480,2800-3599,bearish,1,4,20,3376200,168810,bearish,2380,2200-2799
2008-03,2008-03-03,2008-03-31,2008,March,3,73.75,73.95,70.7,71.8,3250,2800-3599,bearish,1,3,20,4104600,205230,bearish,3480,2800-3599
2008-04,2008-04-01,2008-04-30,2008,April,4,71.87,73.11,71.19,72.51,1920,1600-2199,bullish,2,2,22,16457400,748064,bearish,3250,2800-3599
2008-05,2008-05-01,2008-05-30,2008,May,5,72.57,73.89,71.82,72.88,2070,1600-2199,bullish,2,3,21,18356800,874133,bullish,1920,1600-2199
2008-06,2008-06-02,2008-06-30,2008,June,6,72.87,74.31,72.04,72.46,2270,2200-2799,bearish,1,3,21,12350000,588095,bullish,2070,1600-2199
2008-07,2008-07-01,2008-07-31,2008,July,7,72.46,73.54,71.31,73.23,2230,2200-2799,bullish,3,1,22,8302700,377395,bearish,2270,2200-2799
2008-08,2008-08-01,2008-08-29,2008,August,8,73.22,77.62,73.2,77.38,4420,3600-4799,bullish,4,1,21,23314800,1110229,bullish,2230,2200-2799
2008-09,2008-09-02,2008-09-30,2008,September,9,77.75,80.38,75.89,79.45,4490,3600-4799,bullish,2,2,21,46918400,2234210,bullish,4420,3600-4799
2008-10,2008-10-01,2008-10-31,2008,October,10,79.21,87.88,78.95,85.63,8930,>=4800,bullish,4,1,23,25220000,1096522,bullish,4490,3600-4799
2008-11,2008-11-03,2008-11-28,2008,November,11,85.81,88.46,83.9,86.52,4560,3600-4799,bullish,3,1,19,14173800,745989,bullish,8930,>=4800
2008-12,2008-12-01,2008-12-31,2008,December,12,86.43,87.7,77.69,81.31,10010,>=4800,bearish,1,3,22,18242600,829209,bullish,4560,3600-4799
2009-01,2009-01-02,2009-01-30,2009,January,1,81.07,86.81,80.91,86.0,5900,>=4800,bullish,5,0,20,13032700,651635,bearish,10010,>=4800
2009-02,2009-02-02,2009-02-27,2009,February,2,86.06,88.49,84.46,88.01,4030,3600-4799,bullish,2,2,19,10185600,536084,bullish,5900,>=4800
2009-03,2009-03-02,2009-03-31,2009,March,3,88.58,89.62,82.63,85.43,6990,>=4800,bearish,1,3,22,14436200,656191,bullish,4030,3600-4799
2009-04,2009-04-01,2009-04-30,2009,April,4,85.61,86.87,83.73,84.61,3140,2800-3599,bearish,2,2,21,6930000,330000,bearish,6990,>=4800
2009-05,2009-05-01,2009-05-29,2009,May,5,84.81,84.87,79.18,80.43,5690,>=4800,bearish,2,3,20,8773800,438690,bearish,3140,2800-3599
2009-06,2009-06-01,2009-06-30,2009,June,6,79.2,81.47,78.33,80.13,3140,2800-3599,bullish,2,2,22,15460500,702750,bearish,5690,>=4800
2009-07,2009-07-01,2009-07-31,2009,July,7,80.16,80.89,78.22,78.35,2670,2200-2799,bearish,1,4,22,11929400,542245,bullish,3140,2800-3599
2009-08,2009-08-03,2009-08-31,2009,August,8,78.19,79.51,77.43,78.17,2080,1600-2199,bearish,3,1,21,25272000,1203429,bearish,2670,2200-2799
2009-09,2009-09-01,2009-09-30,2009,September,9,78.11,78.94,75.83,76.65,3110,2800-3599,bearish,1,3,21,40990000,1951905,bearish,2080,1600-2199
2009-10,2009-10-01,2009-10-30,2009,October,10,76.65,77.47,74.94,76.3,2530,2200-2799,bearish,2,3,22,73355500,3334341,bearish,3110,2800-3599
2009-11,2009-11-02,2009-11-30,2009,November,11,76.39,76.82,74.23,74.88,2590,2200-2799,bearish,1,3,20,116187100,5809355,bearish,2530,2200-2799
2009-12,2009-12-01,2009-12-31,2009,December,12,74.71,78.45,74.27,77.86,4180,3600-4799,bullish,5,0,22,142110900,6459586,bearish,2590,2200-2799
2010-01,2010-01-04,2010-01-29,2010,January,1,77.93,79.5,76.6,79.46,2900,2800-3599,bullish,3,1,19,122355600,6439768,bullish,4180,3600-4799
2010-02,2010-02-01,2010-02-26,2010,February,2,79.43,81.34,78.68,80.36,2660,2200-2799,bullish,2,2,19,126481900,6656942,bullish,2900,2800-3599
2010-03,2010-03-01,2010-03-31,2010,March,3,80.33,82.24,79.51,81.07,2730,2200-2799,bullish,3,1,23,108275100,4707613,bullish,2660,2200-2799
2010-04,2010-04-01,2010-04-30,2010,April,4,81.04,82.71,80.03,81.87,2680,2200-2799,bullish,3,2,21,77987400,3713686,bullish,2730,2200-2799
2010-05,2010-05-03,2010-05-28,2010,May,5,81.8,87.46,81.78,86.48,5680,>=4800,bullish,3,1,20,123811300,6190565,bullish,2680,2200-2799
2010-06,2010-06-01,2010-06-30,2010,June,6,86.58,88.71,85.09,86.02,3620,3600-4799,bearish,1,3,22,64030600,2910482,bullish,5680,>=4800
2010-07,2010-07-01,2010-07-30,2010,July,7,86.1,86.26,81.46,81.54,4800,>=4800,bearish,0,5,21,61037400,2906543,bearish,3620,3600-4799
2010-08,2010-08-02,2010-08-31,2010,August,8,81.52,83.56,80.09,83.2,3470,2800-3599,bullish,2,2,22,69768700,3171305,bearish,4800,>=4800
2010-09,2010-09-01,2010-09-30,2010,September,9,83.09,83.22,78.41,78.72,4810,>=4800,bearish,2,2,21,58609600,2790933,bullish,3470,2800-3599
2010-10,2010-10-01,2010-10-29,2010,October,10,78.8,78.83,76.14,77.27,2690,2200-2799,bearish,1,4,21,116833900,5563519,bearish,4810,>=4800
2010-11,2010-11-01,2010-11-30,2010,November,11,76.95,81.44,75.63,81.2,5810,>=4800,bullish,3,1,21,122567600,5836552,bearish,2690,2200-2799
2010-12,2010-12-01,2010-12-31,2010,December,12,81.26,81.36,78.78,79.03,2580,2200-2799,bearish,3,2,22,92766500,4216659,bullish,5810,>=4800
2011-01,2011-01-03,2011-01-31,2011,January,1,79.06,81.31,77.54,77.74,3770,3600-4799,bearish,1,3,20,68279600,3413980,bearish,2580,2200-2799
2011-02,2011-02-01,2011-02-28,2011,February,2,77.61,78.87,76.76,76.89,2110,1600-2199,bearish,1,3,19,43361400,2282179,bearish,3770,3600-4799
2011-03,2011-03-01,2011-03-31,2011,March,3,76.86,77.38,75.25,75.86,2130,1600-2199,bearish,2,2,23,67694800,2943252,bearish,2110,1600-2199
2011-04,2011-04-01,2011-04-29,2011,April,4,76.05,76.61,72.83,72.93,3780,3600-4799,bearish,0,5,20,65177900,3258895,bearish,2130,1600-2199
2011-05,2011-05-02,2011-05-31,2011,May,5,73.06,76.37,72.7,74.64,3670,3600-4799,bullish,2,2,21,150755000,7178810,bearish,3780,3600-4799
2011-06,2011-06-01,2011-06-30,2011,June,6,74.44,76.02,73.51,74.3,2510,2200-2799,bearish,3,1,22,113111900,5141450,bullish,3670,3600-4799
2011-07,2011-07-01,2011-07-29,2011,July,7,74.44,76.72,73.42,73.9,3300,2800-3599,bearish,1,4,20,83950300,4197515,bearish,2510,2200-2799
2011-08,2011-08-01,2011-08-31,2011,August,8,73.92,75.42,73.45,74.13,1970,1600-2199,bullish,2,2,23,90369800,3929122,bearish,3300,2800-3599
2011-09,2011-09-01,2011-09-30,2011,September,9,74.48,78.86,74.14,78.55,4720,3600-4799,bullish,4,1,21,157234800,7487371,bullish,1970,1600-2199
2011-10,2011-10-03,2011-10-31,2011,October,10,78.93,79.83,74.72,76.17,5110,>=4800,bearish,0,4,21,158815800,7562657,bullish,4720,3600-4799
2011-11,2011-11-01,2011-11-30,2011,November,11,76.55,79.7,74.98,78.39,4720,3600-4799,bullish,4,0,21,100418900,4781852,bearish,5110,>=4800
2011-12,2011-12-01,2011-12-30,2011,December,12,78.37,80.85,77.92,80.17,2930,2800-3599,bullish,3,2,21,73381800,3494371,bullish,4720,3600-4799
2012-01,2012-01-03,2012-01-31,2012,January,1,80.23,81.78,78.74,79.28,3040,2800-3599,bearish,2,2,20,103438000,5171900,bullish,2930,2800-3599
2012-02,2012-02-01,2012-02-29,2012,February,2,79.31,80.11,78.09,78.73,2020,1600-2199,bearish,3,1,20,85015900,4250795,bearish,3040,2800-3599
2012-03,2012-03-01,2012-03-30,2012,March,3,78.77,80.73,78.09,78.93,2640,2200-2799,bullish,2,3,22,77396000,3518000,bearish,2020,1600-2199
2012-04,2012-04-02,2012-04-30,2012,April,4,78.81,80.17,78.63,78.79,1540,<1600,bearish,1,3,20,33180800,1659040,bullish,2640,2200-2799
2012-05,2012-05-01,2012-05-31,2012,May,5,78.78,83.21,78.6,83.04,4610,3600-4799,bullish,4,0,22,58837400,2674427,bearish,1540,<1600
2012-06,2012-06-01,2012-06-29,2012,June,6,83.07,83.54,81.16,81.65,2380,2200-2799,bearish,3,2,21,43842200,2087724,bullish,4610,3600-4799
2012-07,2012-07-02,2012-07-31,2012,July,7,81.64,84.1,81.51,82.64,2590,2200-2799,bullish,2,2,21,42145700,2006938,bearish,2380,2200-2799
2012-08,2012-08-01,2012-08-31,2012,August,8,82.71,83.51,80.96,81.25,2550,2200-2799,bearish,2,3,23,33702500,1465326,bullish,2590,2200-2799
2012-09,2012-09-04,2012-09-28,2012,September,9,81.24,81.67,78.6,79.94,3070,2800-3599,bearish,2,2,19,41524100,2185479,bearish,2550,2200-2799
2012-10,2012-10-01,2012-10-31,2012,October,10,80.0,80.28,78.94,79.92,1340,<1600,bearish,2,2,21,22959700,1093319,bearish,3070,2800-3599
2012-11,2012-11-01,2012-11-30,2012,November,11,79.94,81.46,79.67,80.15,1790,1600-2199,bullish,3,2,21,23557200,1121771,bearish,1340,<1600
2012-12,2012-12-03,2012-12-31,2012,December,12,80.18,80.66,79.01,79.77,1650,1600-2199,bearish,2,2,20,24348700,1217435,bullish,1790,1600-2199
2013-01,2013-01-02,2013-01-31,2013,January,1,79.75,80.87,79.13,79.21,1740,1600-2199,bearish,2,2,21,23838200,1135152,bearish,1650,1600-2199
2013-02,2013-02-01,2013-02-28,2013,February,2,79.1,81.99,78.92,81.98,3070,2800-3599,bullish,3,1,19,19517100,1027216,bearish,1740,1600-2199
2013-03,2013-03-01,2013-03-28,2013,March,3,81.92,83.3,81.47,82.99,1830,1600-2199,bullish,3,2,20,20941600,1047080,bullish,3070,2800-3599
2013-04,2013-04-01,2013-04-30,2013,April,4,83.04,83.49,81.6,81.73,1890,1600-2199,bearish,2,2,22,20741000,942773,bullish,1830,1600-2199
2013-05,2013-05-01,2013-05-31,2013,May,5,81.71,84.5,81.33,83.38,3170,2800-3599,bullish,3,2,22,18961300,861877,bearish,1890,1600-2199
2013-06,2013-06-03,2013-06-28,2013,June,6,83.31,83.38,80.5,83.17,2880,2800-3599,bearish,2,2,20,33220800,1661040,bullish,3170,2800-3599
2013-07,2013-07-01,2013-07-31,2013,July,7,83.2,84.75,81.41,81.45,3340,2800-3599,bearish,1,3,22,45259600,2057255,bearish,2880,2800-3599
2013-08,2013-08-01,2013-08-30,2013,August,8,81.41,82.49,80.75,82.09,1740,1600-2199,bullish,4,1,22,23310700,1059577,bearish,3340,2800-3599
2013-09,2013-09-03,2013-09-30,2013,September,9,82.02,82.67,80.03,80.22,2640,2200-2799,bearish,1,3,20,23933100,1196655,bullish,1740,1600-2199
2013-10,2013-10-01,2013-10-31,2013,October,10,80.27,80.75,79.0,80.2,1750,1600-2199,bearish,2,2,23,23719600,1031287,bearish,2640,2200-2799
2013-11,2013-11-01,2013-11-29,2013,November,11,80.23,81.48,80.23,80.68,1250,<1600,bullish,3,2,20,14172800,708640,bearish,1750,1600-2199
2013-12,2013-12-02,2013-12-31,2013,December,12,80.66,80.99,79.69,80.04,1300,<1600,bearish,1,3,21,15484500,737357,bullish,1250,<1600
2014-01,2014-01-02,2014-01-31,2014,January,1,80.14,81.39,80.08,81.27,1310,<1600,bullish,3,2,21,19138500,911357,bearish,1300,<1600
2014-02,2014-02-03,2014-02-28,2014,February,2,81.25,81.32,79.69,79.78,1630,1600-2199,bearish,1,3,19,17243200,907537,bullish,1310,<1600
2014-03,2014-03-03,2014-03-31,2014,March,3,79.9,80.35,79.27,80.1,1080,<1600,bullish,2,2,21,13673500,651119,bearish,1630,1600-2199
2014-04,2014-04-01,2014-04-30,2014,April,4,80.1,80.6,79.33,79.49,1270,<1600,bearish,2,2,21,8460200,402867,bullish,1080,<1600
2014-05,2014-05-01,2014-05-30,2014,May,5,79.51,80.58,78.91,80.37,1670,1600-2199,bullish,4,1,21,10846100,516481,bearish,1270,<1600
2014-06,2014-06-02,2014-06-30,2014,June,6,80.4,81.02,79.76,79.78,1260,<1600,bearish,2,2,21,18599800,885705,bullish,1670,1600-2199
2014-07,2014-07-01,2014-07-31,2014,July,7,79.79,81.57,79.74,81.46,1830,1600-2199,bullish,3,1,22,18426100,837550,bearish,1260,<1600
2014-08,2014-08-01,2014-08-29,2014,August,8,81.45,82.75,81.19,82.75,1560,<1600,bullish,5,0,21,15143000,721095,bullish,1830,1600-2199
2014-09,2014-09-02,2014-09-30,2014,September,9,82.76,86.22,82.75,85.94,3470,2800-3599,bullish,4,0,21,33553300,1597776,bullish,1560,<1600
2014-10,2014-10-01,2014-10-31,2014,October,10,85.91,87.13,84.47,86.88,2660,2200-2799,bullish,3,2,23,50947900,2215126,bullish,3470,2800-3599
2014-11,2014-11-03,2014-11-28,2014,November,11,87.08,88.44,86.88,88.36,1560,<1600,bullish,3,1,19,32570100,1714216,bullish,2660,2200-2799
2014-12,2014-12-01,2014-12-31,2014,December,12,88.23,90.33,87.63,90.27,2700,2200-2799,bullish,3,1,22,29959800,1361809,bullish,1560,<1600
2015-01,2015-01-02,2015-01-30,2015,January,1,90.36,95.48,90.33,94.8,5150,>=4800,bullish,4,1,20,43844200,2192210,bullish,2700,2200-2799
2015-02,2015-02-02,2015-02-27,2015,February,2,94.84,95.36,93.25,95.25,2110,1600-2199,bullish,1,3,19,32305400,1700284,bullish,5150,>=4800
2015-03,2015-03-02,2015-03-31,2015,March,3,95.26,100.39,95.06,98.36,5330,>=4800,bullish,2,2,22,66502100,3022823,bullish,2110,1600-2199
2015-04,2015-04-01,2015-04-30,2015,April,4,98.42,99.99,94.4,94.6,5590,>=4800,bearish,2,2,21,56479800,2689514,bullish,5330,>=4800
2015-05,2015-05-01,2015-05-29,2015,May,5,94.83,97.78,93.13,96.91,4650,3600-4799,bullish,2,3,20,53984800,2699240,bearish,5590,>=4800
2015-06,2015-06-01,2015-06-30,2015,June,6,96.89,97.68,93.56,95.49,4120,3600-4799,bearish,1,3,22,69200700,3145486,bullish,4650,3600-4799
2015-07,2015-07-01,2015-07-31,2015,July,7,95.6,98.15,95.45,97.37,2700,2200-2799,bullish,3,2,22,49902300,2268286,bearish,4120,3600-4799
2015-08,2015-08-03,2015-08-31,2015,August,8,97.22,98.33,92.62,95.95,5710,>=4800,bearish,2,2,21,60488100,2880386,bullish,2700,2200-2799
2015-09,2015-09-01,2015-09-30,2015,September,9,95.93,96.7,94.06,96.35,2640,2200-2799,bullish,2,2,21,24109800,1148086,bearish,5710,>=4800
2015-10,2015-10-01,2015-10-30,2015,October,10,96.27,97.82,93.81,96.95,4010,3600-4799,bullish,1,4,22,22469600,1021345,bullish,2640,2200-2799
2015-11,2015-11-02,2015-11-30,2015,November,11,96.92,100.31,96.64,100.17,3670,3600-4799,bullish,3,1,20,52510500,2625525,bullish,4010,3600-4799
2015-12,2015-12-01,2015-12-31,2015,December,12,100.25,100.51,97.19,98.63,3320,2800-3599,bearish,2,3,22,41494900,1886132,bullish,3670,3600-4799
2016-01,2016-01-04,2016-01-29,2016,January,1,98.69,99.83,98.05,99.61,1780,1600-2199,bullish,3,1,20,34309200,1715460,bearish,3320,2800-3599
2016-02,2016-02-01,2016-02-29,2016,February,2,99.54,99.63,95.24,98.21,4390,3600-4799,bearish,2,2,20,25495800,1274790,bullish,1780,1600-2199
2016-03,2016-03-01,2016-03-31,2016,March,3,98.18,98.58,94.32,94.59,4260,3600-4799,bearish,1,3,22,32020200,1455464,bearish,4390,3600-4799
2016-04,2016-04-01,2016-04-29,2016,April,4,94.64,95.2,93.01,93.08,2190,1600-2199,bearish,2,3,21,24839900,1182852,bearish,4260,3600-4799
2016-05,2016-05-02,2016-05-31,2016,May,5,93.02,95.89,91.92,95.89,3970,3600-4799,bullish,4,0,21,34916900,1662710,bearish,2190,1600-2199
2016-06,2016-06-01,2016-06-30,2016,June,6,95.82,96.71,93.02,96.14,3690,3600-4799,bullish,2,2,22,45490500,2067750,bullish,3970,3600-4799
2016-07,2016-07-01,2016-07-29,2016,July,7,95.89,97.57,95.34,95.53,2230,2200-2799,bearish,4,1,20,25187700,1259385,bullish,3690,3600-4799
2016-08,2016-08-01,2016-08-31,2016,August,8,95.51,96.52,94.08,96.02,2440,2200-2799,bullish,2,2,23,31968100,1389917,bearish,2230,2200-2799
2016-09,2016-09-01,2016-09-30,2016,September,9,95.99,96.33,94.47,95.46,1860,1600-2199,bearish,2,3,21,26909600,1281410,bullish,2440,2200-2799
2016-10,2016-10-03,2016-10-31,2016,October,10,95.42,99.12,95.42,98.45,3700,3600-4799,bullish,3,1,20,30862100,1543105,bearish,1860,1600-2199
2016-11,2016-11-01,2016-11-30,2016,November,11,98.39,101.92,95.89,101.5,6030,>=4800,bullish,3,1,20,52419900,2620995,bullish,3700,3600-4799
2016-12,2016-12-01,2016-12-30,2016,December,12,101.51,103.65,99.43,102.39,4220,3600-4799,bullish,3,2,21,41516400,1976971,bullish,6030,>=4800
2017-01,2017-01-03,2017-01-31,2017,January,1,102.87,103.82,99.43,99.51,4390,3600-4799,bearish,0,4,20,66430300,3321515,bullish,4220,3600-4799
2017-02,2017-02-01,2017-02-28,2017,February,2,99.56,101.76,99.23,101.12,2530,2200-2799,bullish,3,1,19,30763800,1619147,bearish,4390,3600-4799
2017-03,2017-03-01,2017-03-31,2017,March,3,101.44,102.26,98.86,100.35,3400,2800-3599,bearish,2,3,23,36943500,1606239,bullish,2530,2200-2799
2017-04,2017-04-03,2017-04-28,2017,April,4,100.5,101.34,98.7,99.05,2640,2200-2799,bearish,2,2,19,21496800,1131411,bearish,3400,2800-3599
2017-05,2017-05-01,2017-05-31,2017,May,5,98.93,99.89,96.8,96.92,3090,2800-3599,bearish,2,2,22,20552700,934214,bearish,2640,2200-2799
2017-06,2017-06-01,2017-06-30,2017,June,6,96.99,97.87,95.47,95.66,2400,2200-2799,bearish,2,3,22,20547300,933968,bearish,3090,2800-3599
2017-07,2017-07-03,2017-07-31,2017,July,7,95.62,96.51,92.78,92.86,3730,3600-4799,bearish,1,3,20,17064200,853210,bearish,2400,2200-2799
2017-08,2017-08-01,2017-08-31,2017,August,8,92.89,94.15,91.62,92.67,2530,2200-2799,bearish,2,2,23,27160800,1180904,bearish,3730,3600-4799
2017-09,2017-09-01,2017-09-29,2017,September,9,92.61,93.67,91.01,93.08,2660,2200-2799,bullish,4,1,20,28305700,1415285,bearish,2530,2200-2799
2017-10,2017-10-02,2017-10-31,2017,October,10,93.29,95.15,92.75,94.55,2400,2200-2799,bullish,3,1,22,23096900,1049859,bullish,2660,2200-2799
2017-11,2017-11-01,2017-11-30,2017,November,11,94.55,95.15,92.5,93.01,2650,2200-2799,bearish,1,3,21,22998200,1095152,bullish,2400,2200-2799
2017-12,2017-12-01,2017-12-29,2017,December,12,93.03,94.22,92.08,92.12,2140,1600-2199,bearish,3,2,20,17890400,894520,bearish,2650,2200-2799
2018-01,2018-01-02,2018-01-31,2018,January,1,92.24,92.64,88.44,89.13,4200,3600-4799,bearish,1,3,21,25843400,1230638,bearish,2140,1600-2199
2018-02,2018-02-01,2018-02-28,2018,February,2,89.04,90.7,88.25,90.61,2450,2200-2799,bullish,3,1,19,32645600,1718189,bearish,4200,3600-4799
2018-03,2018-03-01,2018-03-29,2018,March,3,90.67,90.93,88.94,90.15,1990,1600-2199,bearish,4,1,21,17810500,848119,bullish,2450,2200-2799
2018-04,2018-04-02,2018-04-30,2018,April,4,89.97,91.99,89.23,91.84,2760,2200-2799,bullish,3,1,21,19879100,946624,bearish,1990,1600-2199
2018-05,2018-05-01,2018-05-31,2018,May,5,91.81,95.03,91.8,93.99,3230,2800-3599,bullish,3,1,22,26803300,1218332,bullish,2760,2200-2799
2018-06,2018-06-01,2018-06-29,2018,June,6,93.95,95.53,93.19,94.63,2340,2200-2799,bullish,2,3,21,31946600,1521267,bullish,3230,2800-3599
2018-07,2018-07-02,2018-07-31,2018,July,7,94.63,95.65,93.71,94.49,1940,1600-2199,bearish,2,2,21,16836700,801748,bullish,2340,2200-2799
2018-08,2018-08-01,2018-08-31,2018,August,8,94.56,96.98,94.43,95.14,2550,2200-2799,bullish,3,2,23,19081300,829622,bearish,1940,1600-2199
2018-09,2018-09-04,2018-09-28,2018,September,9,95.14,95.74,93.81,95.19,1930,1600-2199,bullish,2,2,19,19349700,1018405,bullish,2550,2200-2799
2018-10,2018-10-01,2018-10-31,2018,October,10,95.11,97.2,94.79,97.13,2410,2200-2799,bullish,3,1,23,20423500,887978,bullish,1930,1600-2199
2018-11,2018-11-01,2018-11-30,2018,November,11,97.08,97.69,95.68,97.27,2010,1600-2199,bullish,4,1,21,14742900,702043,bullish,2410,2200-2799
2018-12,2018-12-03,2018-12-31,2018,December,12,97.13,97.71,96.07,96.17,1640,1600-2199,bearish,1,3,19,15083100,793847,bullish,2010,1600-2199
2019-01,2019-01-02,2019-01-31,2019,January,1,96.14,96.96,95.03,95.58,1930,1600-2199,bearish,1,3,21,20049100,954719,bearish,1640,1600-2199
2019-02,2019-02-01,2019-02-28,2019,February,2,95.55,97.37,95.4,96.16,1970,1600-2199,bullish,2,2,19,9651600,507979,bearish,1930,1600-2199
2019-03,2019-03-01,2019-03-29,2019,March,3,96.22,97.71,95.74,97.28,1970,1600-2199,bullish,4,1,21,10631400,506257,bullish,1970,1600-2199
2019-04,2019-04-01,2019-04-30,2019,April,4,97.18,98.33,96.75,97.48,1580,<1600,bullish,3,1,21,12194100,580671,bullish,1970,1600-2199
2019-05,2019-05-01,2019-05-31,2019,May,5,97.53,98.37,97.03,97.75,1340,<1600,bullish,2,3,22,9326800,423945,bullish,1580,<1600
2019-06,2019-06-03,2019-06-28,2019,June,6,97.64,97.8,95.84,96.13,1960,1600-2199,bearish,1,3,20,17146500,857325,bullish,1340,<1600
2019-07,2019-07-01,2019-07-31,2019,July,7,96.25,98.68,96.25,98.52,2430,2200-2799,bullish,3,1,22,10246500,465750,bearish,1960,1600-2199
2019-08,2019-08-01,2019-08-30,2019,August,8,98.59,99.02,97.21,98.92,1810,1600-2199,bullish,3,2,22,21691300,985968,bullish,2430,2200-2799
2019-09,2019-09-03,2019-09-30,2019,September,9,99.08,99.46,97.86,99.38,1600,1600-2199,bullish,2,2,20,14638700,731935,bullish,1810,1600-2199
2019-10,2019-10-01,2019-10-31,2019,October,10,99.4,99.67,97.14,97.35,2530,2200-2799,bearish,1,3,23,15538500,675587,bullish,1600,1600-2199
2019-11,2019-11-01,2019-11-29,2019,November,11,97.3,98.54,97.11,98.27,1430,<1600,bullish,3,2,20,9938600,496930,bearish,2530,2200-2799
2019-12,2019-12-02,2019-12-31,2019,December,12,98.27,98.38,96.36,96.39,2020,1600-2199,bearish,1,3,21,9302000,442952,bullish,1430,<1600
2020-01,2020-01-02,2020-01-31,2020,January,1,96.48,98.19,96.43,97.39,1760,1600-2199,bullish,3,2,21,6556100,312195,bearish,2020,1600-2199
2020-02,2020-02-03,2020-02-28,2020,February,2,97.37,99.91,97.37,98.13,2540,2200-2799,bullish,3,1,19,12299500,647342,bullish,1760,1600-2199
2020-03,2020-03-02,2020-03-31,2020,March,3,98.08,102.99,94.65,99.05,8340,>=4800,bullish,2,2,22,64951700,2952350,bullish,2540,2200-2799
2020-04,2020-04-01,2020-04-30,2020,April,4,99.01,100.93,98.81,99.02,2120,1600-2199,bullish,3,1,21,38708500,1843262,bullish,8340,>=4800
2020-05,2020-05-01,2020-05-29,2020,May,5,99.13,100.56,97.95,98.34,2610,2200-2799,bearish,2,3,20,30314400,1515720,bullish,2120,1600-2199
2020-06,2020-06-01,2020-06-30,2020,June,6,98.3,98.32,95.72,97.39,2600,2200-2799,bearish,2,2,22,35605900,1618450,bearish,2610,2200-2799
2020-07,2020-07-01,2020-07-31,2020,July,7,97.39,97.62,92.55,93.49,5070,>=4800,bearish,0,5,22,17461100,793686,bearish,2600,2200-2799
2020-08,2020-08-03,2020-08-31,2020,August,8,93.46,93.99,91.99,92.14,2000,1600-2199,bearish,1,3,21,23538100,1120862,bearish,5070,>=4800
2020-09,2020-09-01,2020-09-30,2020,September,9,92.18,94.74,91.75,93.89,2990,2800-3599,bullish,3,1,21,33985700,1618367,bearish,2000,1600-2199
2020-10,2020-10-01,2020-10-30,2020,October,10,93.8,94.1,92.47,94.04,1630,1600-2199,bullish,2,3,22,34591100,1572323,bullish,2990,2800-3599
2020-11,2020-11-02,2020-11-30,2020,November,11,93.89,94.3,91.51,91.87,2790,2200-2799,bearish,1,3,20,26423800,1321190,bullish,1630,1600-2199
2020-12,2020-12-01,2020-12-31,2020,December,12,91.95,91.95,89.52,89.94,2430,2200-2799,bearish,2,3,22,20282600,921936,bearish,2790,2200-2799
2021-01,2021-01-04,2021-01-29,2021,January,1,89.93,90.88,89.21,90.58,1670,1600-2199,bullish,3,1,19,18847200,991958,bearish,2430,2200-2799
2021-02,2021-02-01,2021-02-26,2021,February,2,90.53,91.6,89.68,90.93,1920,1600-2199,bullish,3,1,19,21403900,1126521,bullish,1670,1600-2199
2021-03,2021-03-01,2021-03-31,2021,March,3,90.93,93.44,90.63,93.23,2810,2800-3599,bullish,3,1,23,33249700,1445639,bullish,1920,1600-2199
2021-04,2021-04-01,2021-04-30,2021,April,4,93.22,93.34,90.42,91.28,2920,2800-3599,bearish,2,3,21,16240000,773333,bullish,2810,2800-3599
2021-05,2021-05-03,2021-05-28,2021,May,5,91.3,91.44,89.54,90.03,1900,1600-2199,bearish,2,2,20,17058900,852945,bearish,2920,2800-3599
2021-06,2021-06-01,2021-06-30,2021,June,6,89.81,92.45,89.66,92.44,2790,2200-2799,bullish,3,1,22,21662300,984650,bearish,1900,1600-2199
2021-07,2021-07-01,2021-07-30,2021,July,7,92.35,93.19,91.78,92.17,1410,<1600,bearish,3,2,21,19817000,943667,bullish,2790,2200-2799
2021-08,2021-08-02,2021-08-31,2021,August,8,92.09,93.73,91.82,92.63,1910,1600-2199,bullish,2,2,22,15757400,716245,bearish,1410,<1600
2021-09,2021-09-01,2021-09-30,2021,September,9,92.66,94.5,91.95,94.25,2550,2200-2799,bullish,3,1,21,15786500,751738,bullish,1910,1600-2199
2021-10,2021-10-01,2021-10-29,2021,October,10,94.31,94.56,93.28,94.12,1280,<1600,bearish,3,2,21,16586500,789833,bullish,2550,2200-2799
2021-11,2021-11-01,2021-11-30,2021,November,11,94.13,96.94,93.82,95.99,3120,2800-3599,bullish,4,0,21,21005500,1000262,bearish,1280,<1600
2021-12,2021-12-01,2021-12-31,2021,December,12,95.94,96.91,95.57,95.67,1340,<1600,bearish,1,4,22,24553200,1116055,bullish,3120,2800-3599
2022-01,2022-01-03,2022-01-31,2022,January,1,95.67,97.44,94.63,96.54,2810,2800-3599,bullish,3,1,20,35565600,1778280,bearish,1340,<1600
2022-02,2022-02-01,2022-02-28,2022,February,2,96.7,97.74,95.14,96.71,2600,2200-2799,bullish,3,1,19,40786900,2146679,bullish,2810,2800-3599
2022-03,2022-03-01,2022-03-31,2022,March,3,96.77,99.42,96.63,98.31,2790,2200-2799,bullish,3,1,23,38936900,1692909,bullish,2600,2200-2799
2022-04,2022-04-01,2022-04-29,2022,April,4,98.34,103.93,98.31,102.96,5620,>=4800,bullish,4,1,20,37100600,1855030,bullish,2790,2200-2799
2022-05,2022-05-02,2022-05-31,2022,May,5,103.21,105.01,101.41,101.75,3600,3600-4799,bearish,2,2,21,78458100,3736100,bullish,5620,>=4800
2022-06,2022-06-01,2022-06-30,2022,June,6,101.76,105.79,101.64,104.69,4150,3600-4799,bullish,3,1,21,66167900,3150852,bearish,3600,3600-4799
2022-07,2022-07-01,2022-07-29,2022,July,7,104.78,109.29,104.74,105.9,4550,3600-4799,bullish,3,2,20,60277600,3013880,bullish,4150,3600-4799
2022-08,2022-08-01,2022-08-31,2022,August,8,105.83,109.48,104.64,108.7,4840,>=4800,bullish,3,1,23,100154200,4354530,bullish,4550,3600-4799
2022-09,2022-09-01,2022-09-30,2022,September,9,108.84,114.78,107.68,112.12,7100,>=4800,bullish,3,2,21,103724600,4939267,bullish,4840,>=4800
2022-10,2022-10-03,2022-10-31,2022,October,10,112.17,113.94,109.54,111.53,4400,3600-4799,bearish,2,2,21,99794500,4752119,bullish,7100,>=4800
2022-11,2022-11-01,2022-11-30,2022,November,11,111.52,113.15,105.32,105.95,7830,>=4800,bearish,2,2,21,94931800,4520562,bearish,4400,3600-4799
2022-12,2022-12-01,2022-12-30,2022,December,12,105.7,105.9,103.39,103.52,2510,2200-2799,bearish,1,4,21,91236000,4344571,bearish,7830,>=4800
2023-01,2023-01-03,2023-01-31,2023,January,1,103.66,105.63,101.5,102.1,4130,3600-4799,bearish,1,3,20,62417000,3120850,bearish,2510,2200-2799
2023-02,2023-02-01,2023-02-28,2023,February,2,102.1,105.36,100.82,104.87,4540,3600-4799,bullish,4,0,19,77999400,4105232,bearish,4130,3600-4799
2023-03,2023-03-01,2023-03-31,2023,March,3,105.04,105.88,101.92,102.51,3960,3600-4799,bearish,1,4,23,74395100,3234570,bullish,4540,3600-4799
2023-04,2023-04-03,2023-04-28,2023,April,4,102.59,103.06,100.79,101.67,2270,2200-2799,bearish,1,3,19,40355700,2123984,bearish,3960,3600-4799
2023-05,2023-05-01,2023-05-31,2023,May,5,101.67,104.7,101.03,104.32,3670,3600-4799,bullish,3,1,22,53092200,2413282,bearish,2270,2200-2799
2023-06,2023-06-01,2023-06-30,2023,June,6,104.15,104.5,101.92,102.91,2580,2200-2799,bearish,2,3,21,45304500,2157357,bullish,3670,3600-4799
2023-07,2023-07-03,2023-07-31,2023,July,7,102.92,103.57,99.58,101.86,3990,3600-4799,bearish,2,2,20,28920300,1446015,bearish,2580,2200-2799
2023-08,2023-08-01,2023-08-31,2023,August,8,101.87,104.45,101.74,103.62,2710,2200-2799,bullish,4,0,23,29372500,1277065,bearish,3990,3600-4799
2023-09,2023-09-01,2023-09-29,2023,September,9,103.62,106.84,103.27,106.17,3570,2800-3599,bullish,5,0,20,21842800,1092140,bullish,2710,2200-2799
2023-10,2023-10-02,2023-10-31,2023,October,10,106.17,107.35,105.36,106.66,1990,1600-2199,bullish,2,2,22,31004700,1409305,bullish,3570,2800-3599
2023-11,2023-11-01,2023-11-30,2023,November,11,106.67,107.11,102.47,103.5,4640,3600-4799,bearish,1,3,21,41427300,1972729,bullish,1990,1600-2199
2023-12,2023-12-01,2023-12-29,2023,December,12,103.36,104.26,100.62,101.33,3640,3600-4799,bearish,1,4,20,38847200,1942360,bearish,4640,3600-4799
2024-01,2024-01-02,2024-01-31,2024,January,1,101.42,103.82,101.34,103.27,2480,2200-2799,bullish,3,1,21,29219400,1391400,bearish,3640,3600-4799
2024-02,2024-02-01,2024-02-29,2024,February,2,103.51,104.98,102.9,104.16,2080,1600-2199,bullish,3,1,20,31287700,1564385,bullish,2480,2200-2799
2024-03,2024-03-01,2024-03-28,2024,March,3,104.13,104.73,102.36,104.55,2370,2200-2799,bullish,3,2,20,13848800,692440,bullish,2080,1600-2199
2024-04,2024-04-01,2024-04-30,2024,April,4,104.49,106.52,103.88,106.22,2640,2200-2799,bullish,2,2,22,19574700,889759,bullish,2370,2200-2799
2024-05,2024-05-01,2024-05-31,2024,May,5,106.32,106.49,104.08,104.67,2410,2200-2799,bearish,3,2,22,15595600,708891,bullish,2640,2200-2799
2024-06,2024-06-03,2024-06-28,2024,June,6,104.63,106.13,103.99,105.87,2140,1600-2199,bullish,4,0,19,13131400,691126,bearish,2410,2200-2799
2024-07,2024-07-01,2024-07-31,2024,July,7,105.85,106.05,103.65,104.1,2400,2200-2799,bearish,1,3,22,17381800,790082,bullish,2140,1600-2199
2024-08,2024-08-01,2024-08-30,2024,August,8,104.07,104.45,100.51,101.7,3940,3600-4799,bearish,1,4,22,25338000,1151727,bearish,2400,2200-2799
2024-09,2024-09-03,2024-09-30,2024,September,9,101.66,101.92,100.16,100.78,1760,1600-2199,bearish,0,4,20,13740300,687015,bearish,3940,3600-4799
2024-10,2024-10-01,2024-10-31,2024,October,10,100.74,104.64,100.7,103.98,3940,3600-4799,bullish,4,0,23,17274000,751043,bearish,1760,1600-2199
2024-11,2024-11-01,2024-11-29,2024,November,11,103.86,108.07,103.37,105.74,4700,3600-4799,bullish,3,2,20,18171400,908570,bullish,3940,3600-4799
2024-12,2024-12-02,2024-12-31,2024,December,12,105.82,108.58,105.42,108.49,3160,2800-3599,bullish,4,0,21,16962900,807757,bullish,4700,3600-4799
2025-01,2025-01-02,2025-01-31,2025,January,1,108.53,110.18,106.97,108.37,3210,2800-3599,bearish,3,2,21,41996900,1999852,bullish,3160,2800-3599
2025-02,2025-02-03,2025-02-28,2025,February,2,108.5,109.88,106.13,107.61,3750,3600-4799,bearish,1,3,19,22179300,1167332,bearish,3210,2800-3599
2025-03,2025-03-03,2025-03-31,2025,March,3,107.56,107.56,103.2,104.21,4360,3600-4799,bearish,1,3,21,15976300,760776,bearish,3750,3600-4799
2025-04,2025-04-01,2025-04-30,2025,April,4,104.18,104.37,97.92,99.47,6450,>=4800,bearish,1,3,21,30486800,1451752,bearish,4360,3600-4799
2025-05,2025-05-01,2025-05-30,2025,May,5,99.65,101.98,98.69,99.33,3290,2800-3599,bearish,4,1,22,20807200,945782,bearish,6450,>=4800
2025-06,2025-06-02,2025-06-30,2025,June,6,99.41,99.42,96.77,96.88,2650,2200-2799,bearish,1,3,20,28642500,1432125,bearish,3290,2800-3599
2025-07,2025-07-01,2025-07-31,2025,July,7,96.78,100.1,96.38,100.03,3720,3600-4799,bullish,2,2,22,31565700,1434805,bearish,2650,2200-2799
2025-08,2025-08-01,2025-08-29,2025,August,8,100.01,100.26,97.56,97.77,2700,2200-2799,bearish,2,3,21,20614500,981643,bullish,3720,3600-4799
2025-09,2025-09-02,2025-09-30,2025,September,9,97.65,98.64,96.22,97.77,2420,2200-2799,bullish,3,1,21,18511400,881495,bearish,2700,2200-2799
2025-10,2025-10-01,2025-10-31,2025,October,10,97.82,99.84,97.46,99.8,2380,2200-2799,bullish,3,2,23,24692300,1073578,bullish,2420,2200-2799
2025-11,2025-11-03,2025-11-28,2025,November,11,99.75,100.4,98.99,99.46,1410,<1600,bearish,1,3,19,23336200,1228221,bullish,2380,2200-2799
2025-12,2025-12-01,2025-12-31,2025,December,12,99.48,99.57,97.75,98.28,1820,1600-2199,bearish,1,3,22,25580300,1162741,bearish,1410,<1600
2026-01,2026-01-02,2026-01-30,2026,January,1,98.24,99.49,95.55,96.99,3940,3600-4799,bearish,3,2,20,25943900,1297195,bearish,1820,1600-2199
2026-02,2026-02-02,2026-02-27,2026,February,2,97.19,98.08,96.49,97.61,1590,<1600,bullish,2,2,19,24080300,1267384,bearish,3940,3600-4799
2026-03,2026-03-02,2026-03-31,2026,March,3,97.87,100.64,97.77,99.96,2870,2800-3599,bullish,3,1,22,79413800,3609718,bullish,1590,<1600
2026-04,2026-04-01,2026-04-30,2026,April,4,99.79,100.29,97.63,98.08,2660,2200-2799,bearish,1,3,21,58314000,2776857,bullish,2870,2800-3599
2026-05,2026-05-01,2026-05-29,2026,May,5,98.13,99.54,97.63,98.91,1910,1600-2199,bullish,2,3,20,42887300,2144365,bearish,2660,2200-2799
2026-06,2026-06-01,2026-06-16,2026,June,6,98.96,100.31,98.92,99.54,1390,<1600,bullish,2,1,12,25702100,2141842,bullish,1910,1600-2199
